Feature,Task,Description,Complexity,Estimated Hours,Actual Hours,Notes,,,
Backend Setup,Docker Configuration,Setup SQL Server 2022 container with health checks,Medium,4,4,Fixed health check configuration and network setup,,,
Backend Setup,API Development,Create .NET 8 Web API with EF Core,Medium,6,6,StudentsController with CRUD operations,,,
Backend Setup,Database Design,Design SQL Server database schema,Medium,3,3,Students, Businesses, BankAccounts, Transactions tables
Backend Setup,JSON Serialization,Fix circular reference issues,Low,2,2,Added ReferenceHandler.IgnoreCycles,,,
Frontend Setup,React Native Web,Initialize React Native for Web project,Medium,4,4,Setup with proper webpack configuration,,,
Frontend Setup,Navigation System,Implement role-based navigation,Medium,5,5,Dashboard, Businesses, Accounts, Transactions views
Frontend Setup,API Integration,Connect frontend to backend API,Medium,4,4,Axios configuration and error handling,,,
Authentication,Login System,Implement user authentication,Medium,3,3,Login form with role-based access,,,
Authentication,Logout Functionality,Add logout with confirmation dialog,Low,1,1,Browser confirm dialog and state reset,,,
UI/UX Design,JA Branding,Apply official JA color scheme and styling,Medium,4,4,JA Blue #0056b3, JA USA dark blue #003f7f, JA USA orange #ff6b35,
UI/UX Design,Header Design,Create professional header with logo placement,Medium,3,3,Dual layout with logo left, navigation right,,
UI/UX Design,Footer Implementation,Build comprehensive JA USA footer,High,6,6,Multiple sections with interactive links and legal information,,,
UI/UX Design,Card Layouts,Design responsive card components,Medium,3,3,Business cards, account cards, transaction cards,
UI/UX Design,Typography,Implement JA typography standards,Low,2,2,Font sizes, weights, and spacing,
Logo Implementation,Image Integration,Add JA logo to application header,Medium,3,3,Image component, fallback text, error handling,
Logo Implementation,Path Resolution,Fix logo display issues,Low,2,2,URI vs require() path handling,,,
Dashboard Development,Stats Overview,Create dashboard statistics cards,Medium,3,3,Businesses, Students, Accounts, Transactions counts
Dashboard Development,Business Cards Display,Show businesses directly in dashboard,Medium,3,3,Always-visible business cards section,,,
Dashboard Development,Total Balance,Add system-wide financial summary,Low,1,1,Calculate and display total balance,,,
Tabbed Interface,Tab Navigation,Implement tabbed content switching,Medium,4,4,Overview, Businesses, Accounts, Transactions tabs
Tabbed Interface,Tab Styling,Design professional tab appearance,Medium,2,2,Active states, hover effects, JA branding,
Smart Navigation,Business Card Clicks,Implement dashboard-to-tab navigation,Medium,3,3,Click handlers and state management,,,
Smart Navigation,Business Selection,Add business selection highlighting,Medium,2,2,Selected business styling with JA blue border,,,
Smart Navigation,State Management,Track selected business across views,Medium,2,2,selectedBusinessId state and synchronization,,,
Data Management,API Data Fetching,Implement comprehensive data loading,Medium,3,3,Businesses, students, accounts, transactions
Data Management,Error Handling,Add comprehensive error handling,Low,2,2,API error states and user feedback,,,
Data Management,Loading States,Implement loading indicators,Low,1,1,ActivityIndicator for async operations,,,
Responsive Design,Mobile Layout,Ensure responsive design across devices,Medium,4,4,Flexbox layouts and responsive styling,,,
Responsive Design,Card Responsiveness,Make cards adapt to screen sizes,Medium,2,2,Responsive card layouts,,,
Container Management,Docker Compose,Setup multi-container environment,Medium,3,3,Web, API, SQL Server containers,
Container Management,Build Optimization,Optimize Docker build process,Low,2,2,Efficient container rebuilding,,,
Testing & QA,Functionality Testing,Test all features and interactions,Medium,4,4,Navigation, data display, user interactions,
Testing & QA,Cross-browser Testing,Ensure compatibility across browsers,Medium,3,3,Chrome, Firefox, Edge testing,
Documentation,Prompts Documentation,Maintain development progress log,Low,2,2,Update prompts.md with all changes,,,
Documentation,Technical Documentation,Document technical solutions,Medium,3,3,Code comments and implementation details,,,
Project Management,Requirements Analysis,Analyze and understand user requirements,Medium,2,2,JA branding, navigation, functionality,
Project Management,Development Planning,Plan implementation approach,Low,1,1,Task prioritization and sequencing,,,
Bug Fixes,Container Issues,Resolve Docker container problems,Medium,4,4,Health checks, networking, permissions,
Bug Fixes,API Connectivity,Fix frontend-backend communication,Medium,3,3,CORS, URL configuration, serialization,
Bug Fixes,UI Issues,Resolve display and styling problems,Low,2,2,Logo visibility, layout issues,,
Performance Optimization,Image Loading,Optimize logo and image display,Low,1,1,Fallback mechanisms and error handling,,,
Performance Optimization,Data Loading,Optimize API data fetching,Low,1,1,Efficient state management,,,
Final Polish,User Experience,Refine overall user experience,Medium,3,3,Smooth transitions, professional appearance,,
Final Polish,Code Quality,Ensure clean, maintainable code,Medium,2,2,Code organization and best practices,,
--- SUMMARY ---,,,,,,,,,
TOTAL DEVELOPMENT,,,,,87,87,Complete JA BizTown application,,
Backend Development,,,,,13,13,API, database, container setup
Frontend Development,,,,,35,35,UI/UX, navigation, smart features
Integration & Testing,,,,,13,13,API integration, testing, QA
Documentation & Management,,,,,8,8,Documentation, project management,
Bug Fixes & Optimization,,,,,14,14,Problem resolution and optimization,,
Final Polish,,,,,5,5,User experience and code quality,,
